model,label,mse
rf,Random Forest,127805727.03619872
ols,OLS,128389652.2994206
enet,Elastic Net,128776201.18228933
lasso,LASSO,128959143.30810802
ridge,Ridge,129686841.05758518
