model,label,mse,rmse,r2,mae
lasso,LASSO,0.8107525578388609,0.9004179906237219,0.05751861452767282,0.6415933101985621
ols,OLS,0.8345214881673862,0.9135214765769802,0.02988777430320344,0.6416941208701115
ridge,Ridge,0.8742000612375285,0.9349866636682731,-0.01623766330305232,0.6436456192201458
